Timestamp,Email Address,TEAM NAME,Problem Statement in a line,"

Describe your problem statement in 200 words ",Email ID
1/22/2026 18:21:14,omprakash24082007@gmail.com,ByteForce,Grievances portal,We would make a portal where everyone from NFSU TC will share their problem,omprakash24082007@gmail.com
1/22/2026 19:09:13,mjdpratik25@gmail.com,Runtime Terror ,"Students lack a centralized, secure, and user‑friendly platform to report and recover lost items on campus.","On university campuses, students frequently misplace personal belongings such as ID cards, books, gadgets, and accessories. Currently, there is no centralized, reliable, or user‑friendly system to report and recover lost items. Information about lost and found objects is often scattered across notice boards, social media groups, or word of mouth, making the process inefficient and prone to miscommunication. That is why, there is a need of centralize Lost and Found website.",mjdpratik25@gmail.com
1/22/2026 20:43:57,distorted.teen@gmail.com,The Trio,"The existing college printing setup depends on manually managing emails, printing done by people, and using handwritten logs, which leads to delays, inefficiency, and extra work for the staff.","The current college printing system is pretty slow and relies on a manual process where students send their documents to a shared printer ID. Then, a staff member has to open each email, print the files, jot down details in a logbook, and collect payments. This whole setup results in long wait times, a heavy workload for staff, frequent mistakes, and a lack of transparency, especially during busy academic hours. There's no automated way to manage the queue, calculate costs, or keep digital records, which makes the system feel outdated and inefficient.
This project aims to tackle these problems by introducing an automated, self-service printing solution. It lets users upload their documents directly, takes care of the printing automatically, and creates digital logs for all print jobs. By getting rid of the email dependency and manual logging, this system cuts down on delays, boosts accuracy, and makes the entire printing process smoother while using the current infrastructure.","pratyay.bsmsfs4232806@nfsu.ac,in"
1/22/2026 22:33:37,abhineetht1@gmail.com,Debugging dynamos,"Students  lack a unified, real-time platform to manage campus logistics, leading to significant inefficiencies in hostel accommodation, meal planning,academic schedules and resource accessibility.","Project Summary: NFSU TC Dashboard

The NFSU TC Dashboard is a specialized, student-centric digital ecosystem designed to unify the fragmented logistical needs of the National Forensic Sciences University, Tripura Campus. At its core, the platform serves as a functional utility that optimizes essential campus activities, such as coordinating shared transit through an intelligent airport-to-campus cab-sharing module and providing real-time ""Nutritional Transparency"" via a digitized mess management system. By centralizing residential logistics and academic schedules into a single, intuitive interface, the dashboard eliminates daily friction for students, ensuring that vital information regarding hostel accommodations and campus transit is always accessible and up to date.

Beyond its practical applications, the platform represents a significant step toward the university’s digital transformation by fostering a culture of ""Open Collaboration."" Built on open-source principles, the dashboard acts as a collaborative sandbox where students from the CSE and Forensic departments can contribute code, audit security features, and propose new modules. This approach not only ensures that the tool evolves alongside the unique needs of the NFSU Tripura community but also provides students with hands-on experience in building secure, scalable infrastructure. By merging forensic-grade precision with student-led innovation, the NFSU TC Dashboard effectively becomes the digital heartbeat of the campus, empowering the next generation of developers to maintain the very tools they use every day.",abhineetht1@gmail.com
1/22/2026 23:48:42,sampakundu202@gmail.com,Learner 404,"The absence of a centralized and dependable place for institution-specific academic resources results in scattered preparation and wasted time for students.
","Students at our institution struggle to access Previous Year Questions (PYQs) and organized academic notes. Important study materials are often spread across temporary WhatsApp groups and personal storage, leading to resource loss, wasted effort, and inconsistency. Right now, there is no system in place to ensure that every student has equal and immediate access to the specific resources needed for our curriculum.  
Our solution is a local academic platform created specifically for our campus. To make sure the system is easy to maintain, we are using Google Drive as a backend. By linking specific Drive folders to the website interface, any resource uploaded by authorized contributors shows up right away on the platform. This method removes the technical challenges of traditional file storage and database management while providing strong reliability and security.  
The setup is designed to be modular, concentrating on building a high-quality resource hub for our students first. By starting with a small, moderated group of contributors, we can keep the data accurate and relevant to our immediate academic needs. This creates a seamless experience that helps students focus on learning instead of searching for materials",sampakundu202@gmail.com
1/25/2026 19:00:58,garg.vanshika2910@gmail.com,Logic Left The Chat ,Proxy in colleges,"Proxy attendance, lack of real-time monitoring, and no parent communication remain major challenges in educational institutions. Traditional attendance methods such as manual registers, static QR codes, and biometric systems are either easy to manipulate, costly, or unreliable during network failures. Institutions also lack accurate entry-exit tracking and timely alerts for late arrivals, early exits, or emergencies. This creates gaps in discipline, safety, and transparency. There is a strong need for a secure, proxy-proof, and parent-connected attendance system that works in real-world conditions, ensures accountability, and provides reliable data for institutions and parents alike.",garg.vanshika2910@gmail.com
1/25/2026 23:46:07,paragsarawgi@gmail.com,Anonymous,Increasing and Managing canteen queue efficienctly,"The Smart Canteen Portal: Streamlining Campus Dining

To tackle persistent canteen crowding, we propose a digital portal that eliminates the two biggest bottlenecks: payment lines and waiting crowds.

The Workflow:
Through a dedicated interface, students can pre-plan their visit by booking a time slot and pre-ordering their meals. An integrated payment gateway handles transactions instantly, removing the need for cash or card queues at the counter. Once the order is placed, a digital token is sent to the canteen staff’s real-time dashboard.

Smart Notifications:
Instead of hovering near the kitchen, users are notified via the portal the moment their meal is ready. This ""just-in-time"" pickup system prevents physical congestion and allows students to stay productive until they are called.

The Impact:
By digitizing the workflow, the canteen shifts from a chaotic rush to a coordinated, high-efficiency service, saving time for students and staff alike.",paragsarawgi@gmail.com
1/25/2026 23:46:19,kolachana.btmtcs4242910@nfsu.ac.in,Tech Naari,A Modular Smart Campus Platform for Integrated Student Support,"The proposed solution is a modular smart campus platform designed to improve daily student life while laying the foundation for long-term digital transformation within educational institutions.

Major Module: Canteen Feedback System
The canteen feedback system serves as the primary and most active component of the platform.
It enables students to:
1.submit structured feedback on food quality, hygiene, and service
2.report issues in real time
3.provide ratings for meals and facilities
Since the canteen is a daily point of interaction for every student, this module ensures continuous engagement and consistent usage of the platform. It establishes a reliable communication channel between students and campus authorities.
This module functions as the foundation upon which additional campus services can be integrated.

Supporting Modules
a. Lost and Found
Provides a centralized digital system for reporting and recovering lost or found items, reducing dependency on notice boards and informal communication.

b. Mini Fund Support
Enables students to request small financial support for projects, hackathons, or prototypes through a transparent and trackable approval process.

c. Skill Sharing System
Allows students to showcase their skills and collaborate with peers, promoting knowledge sharing and interdisciplinary learning across the campus.

Long-Term Impact
1.Improved student participation and engagement
2.Streamlined campus communication
3.Organized and transparent support systems
4.Stronger campus community
5.Scalable foundation for future AI-driven guidance and automation",kolachana.btmtcs4242910@nfsu.ac.in
1/25/2026 23:59:02,rupabhowmiknag1979@gmail.com,Tic tae toe,"To streamline campus canteen operations by reducing service delays and queues, improving food availability information, simplifying payments, and enabling structured student feedback and issue resolution through a smart digital platform.","The college canteen is a critical facility for students and hostellers at NFSU Tripura Campus, yet it currently faces multiple operational challenges that affect efficiency and user experience. One major issue is the delay in food preparation and service, particularly during peak hours, which leads to dissatisfaction among students. There is also no clear or centralized information regarding the daily menu, food availability, or preparation status, causing confusion and repeated inquiries at the canteen counter.
In addition, the manual ordering and payment process contributes to long physical queues, time wastage, and overcrowding. The lack of payment simplification and digital tracking makes transactions slower and harder to manage during busy periods. Another significant gap is the absence of a structured platform for student feedback, reviews, and issue reporting, which limits effective communication between students, canteen staff, and the concerned authorities. This also makes it difficult to identify and resolve recurring problems.
Hostellers, who depend heavily on the canteen for their daily meals, face additional uncertainty due to delays, inconsistent food availability, and limited communication. Overall, these issues—and other related operational and student-support challenges—arise due to manual processes and the lack of a centralized digital management system. There is a strong need for a smart, transparent, and efficient solution to streamline canteen operations, simplify payments, improve information flow, and enhance student satisfaction.",rupabhowmiknag1979@gmail.com
1/26/2026 0:16:53,himanshu98075@gmail.com,TEAM AAKASH,Absence of a centralized and organized Previous Year Question (PYQ) website for NFSU Tripura Campus students for semester-wise exam preparation,"Students at the National Forensic Sciences University (NFSU), Tripura Campus often face difficulties when searching for Previous Year Question Papers (PYQs) for End Semester and Mid Semester examinations. At present, there is no single official website or platform where these question papers are available in an organized manner. Most students depend on WhatsApp groups, seniors, or personal collections, which are usually scattered, incomplete, or not properly arranged. This makes exam preparation stressful and time-consuming.

For junior students especially, the absence of a proper PYQ repository creates confusion about exam patterns, important topics, and the level of questions asked. Instead of focusing on learning, they spend a lot of time searching for study materials. Moreover, access to PYQs often depends on personal contacts, which means not every student gets equal opportunities.

Creating a centralized PYQ website for NFSU Tripura Campus can solve this problem effectively. The platform would provide semester-wise, subject-wise, and exam-wise question papers in one place. This will help students prepare better, understand expectations, and plan their studies more efficiently.

The proposed website aims to be simple, reliable, and student-friendly, allowing easy access to verified question papers and encouraging responsible sharing. This initiative will support juniors, reduce academic stress, and build a stronger learning culture on campus.",